{
  "same_day_rmse": 0.12002563013637435,
  "same_day_mae": 0.09105730105962348,
  "same_day_r2": 0.9994643575622734,
  "wrmse_10day": 0.08900601786592731,
  "per_day_rmse": [
    0.11996321219304729,
    0.1199997541046656,
    0.12002693624521875,
    0.12003727576699444,
    0.12002798470529795,
    0.12002258544456497,
    0.12003760326131635,
    0.12004045145485022,
    0.1200584605361931,
    0.12008689839825984
  ],
  "day_weights": [
    1.0,
    0.9,
    0.8,
    0.7,
    0.6,
    0.5,
    0.4,
    0.3,
    0.2,
    0.1
  ],
  "n_train_rows": 1202375,
  "n_valid_rows": 212125,
  "n_features": 112,
  "n_boosted_rounds": 1200,
  "top_features": {
    "T2M_MAX": 9639,
    "T2M_MIN": 6821,
    "T2M": 5759,
    "temp_range": 4965,
    "temp_squared": 3132,
    "T2M_MAX_lag1": 2841,
    "min_temp_moisture": 2606,
    "T2M_lag1": 2038,
    "T2M_MIN_lag1": 1945,
    "RH2M": 1925,
    "T2M_MAX_diff1": 1846,
    "t_minus_dewpoint": 1797,
    "T2M_diff1": 1740,
    "T2M_MIN_diff1": 1733,
    "temp_moisture": 1679
  },
  "train_seconds": 216.93661165237427
}